<?xml version="1.0"?>
<doc>
    <assembly>
        <name>Net</name>
    </assembly>
    <members>
        <member name="T:GCL.Net.TCPConnect">
            <summary>
            TCP连接类
            </summary>
        </member>
        <member name="M:GCL.Net.TCPConnect.#ctor(System.String,System.Int32)">
            <summary>
            地址和端口号
            </summary>
        </member>
        <member name="M:GCL.Net.TCPConnect.Connect">
            <summary>
            连接到服务器
            </summary>
        </member>
        <member name="M:GCL.Net.TCPConnect.Disconnect">
            <summary>
            断开连接
            </summary>
        </member>
        <member name="M:GCL.Net.TCPConnect.AddListener(System.Object,System.Action{System.Byte[]})">
            <summary>
            添加消息监听者
            </summary>
        </member>
        <member name="M:GCL.Net.TCPConnect.RemoveListener(System.Object,System.Action{System.Byte[]})">
            <summary>
            删除监听者
            </summary>
        </member>
        <member name="M:GCL.Net.TCPConnect.Send(System.Byte[])">
            <summary>
            发送数据
            </summary>
        </member>
    </members>
</doc>
