<?xml version="1.0"?>
<doc>
    <assembly>
        <name>Pattern</name>
    </assembly>
    <members>
        <member name="T:GCL.Pattern.IMessageListener">
            <summary>
            消息监听者接口
            </summary>
        </member>
        <member name="T:GCL.Pattern.MessageListener`1">
            <summary>
            消息监听者
            </summary>
            <typeparam name="T"></typeparam>
        </member>
        <member name="T:GCL.Pattern.IMessage">
            <summary>
            消息类型接口
            </summary>
        </member>
        <member name="T:GCL.Pattern.MessageBase`1">
            <summary>
            消息基类
            </summary>
        </member>
        <member name="T:GCL.Pattern.MessageCenter">
            <summary>
            消息中心,一个全局消息派发器
            </summary>
        </member>
        <member name="M:GCL.Pattern.MessageCenter.OnDispatch">
            <summary>
            派发队列中的消息
            <para>若要使用Push功能则需要在一个Update中主动调用此方法</para>
            </summary>
        </member>
        <member name="M:GCL.Pattern.MessageCenter.GetCenterDispatcher">
            <summary>
            获取中心(全局)消息派发器
            </summary>
        </member>
        <member name="M:GCL.Pattern.MessageCenter.GetCustomDispatcher(System.String)">
            <summary>
            获取指定名称的自定义消息派发器
            </summary>
        </member>
        <member name="M:GCL.Pattern.MessageCenter.AddListener``1(System.Object,System.Action{``0})">
            <summary>
            向中心派发器添加消息监听者
            </summary>
        </member>
        <member name="M:GCL.Pattern.MessageCenter.RemoveListener``1(System.Object)">
            <summary>
            从中心派发器删除监听者
            </summary>
        </member>
        <member name="M:GCL.Pattern.MessageCenter.Send(GCL.Pattern.IMessage)">
            <summary>
            中心派发器立即发送消息
            </summary>
        </member>
        <member name="M:GCL.Pattern.MessageCenter.Push(GCL.Pattern.IMessage)">
            <summary>
            入队消息到中心派发器,待OnDispathch时发送
            </summary>
        </member>
        <member name="M:GCL.Pattern.MessageCenter.Clear">
            <summary>
            清空中心派发器的消息和监听者
            </summary>
        </member>
        <member name="T:GCL.Pattern.Singleton`1">
            <summary>
            单例
            </summary>
        </member>
        <member name="T:GCL.Pattern.MessageDispatcher">
            <summary>
            消息派发器
            </summary>
        </member>
        <member name="M:GCL.Pattern.MessageDispatcher.AddListener``1(System.Object,System.Action{``0})">
            <summary>
            添加消息监听者
            </summary>
        </member>
        <member name="M:GCL.Pattern.MessageDispatcher.RemoveListener``1(System.Object)">
            <summary>
            删除监听者
            </summary>
        </member>
        <member name="M:GCL.Pattern.MessageDispatcher.Send(GCL.Pattern.IMessage)">
            <summary>
            立即发送消息
            </summary>
        </member>
        <member name="M:GCL.Pattern.MessageDispatcher.Push(GCL.Pattern.IMessage)">
            <summary>
            入队消息,待OnDispathch时发送
            </summary>
        </member>
        <member name="M:GCL.Pattern.MessageDispatcher.OnDispatch">
            <summary>
            派发队列中的消息
            </summary>
        </member>
        <member name="M:GCL.Pattern.MessageDispatcher.Clear">
            <summary>
            清空消息和监听者
            </summary>
        </member>
    </members>
</doc>
